"","image","plate","column","row","particles","area","perim","mean","circ","AR","round","solidity","r","g","b","sqmm"
"1","IMG_2100 3.jpg",1,1,"A",2,2789,296.149,85,0.6615,1.931,0.537,0.9105,96.9915,101.9415,49.8175,1.66712085493633
"2","IMG_2100 3.jpg",1,1,"B",3,8138,616.825,85,0.660666666666667,1.986,0.547333333333333,0.925333333333333,85.883,95.1793333333333,41.93,4.86447813462597
"3","IMG_2100 3.jpg",1,1,"C",1,7654,507.671,85.038,0.373,2.26,0.443,0.817,75.216,87.243,33.743,4.57516781057104
"4","IMG_2100 3.jpg",1,1,"D",1,6543,355.362,85.183,0.651,1.608,0.622,0.912,74.88,86.078,32.761,3.91106911217224
"5","IMG_2100 3.jpg",1,1,"E",2,6755,499.387,85,0.6665,2.0415,0.492,0.937,88.387,96.06,43.611,4.03779181609712
"6","IMG_2100 3.jpg",1,1,"F",1,5521,344.475,85.024,0.585,1.824,0.548,0.878,98.708,104.291,43.757,3.30017003947775
"7","IMG_2100 3.jpg",1,1,"G",1,742,189.439,85,0.26,5.538,0.181,0.746,84.627,89.376,43.964,0.443529463737093
"8","IMG_2100 3.jpg",1,1,"H",2,8097,508.985,85.014,0.7315,1.577,0.634,0.9545,57.824,69.421,23.2045,4.83997044188578
"9","IMG_2100 3.jpg",1,2,"A",2,24157,952.815,85,0.6645,1.537,0.652,0.913,74.248,88.094,29.3645,14.4398130127991
"10","IMG_2100 3.jpg",1,2,"B",1,15754,821.252,85.002,0.294,2.244,0.446,0.663,87.489,98.996,38.412,9.41693149826708
"11","IMG_2100 3.jpg",1,2,"C",2,10621,701.353,85,0.58,2.597,0.4175,0.883,84.0205,94.7265,33.2095,6.348687916916
"12","IMG_2100 3.jpg",1,2,"D",1,31384,1300.604,85,0.233,1.184,0.845,0.728,79.989,92.606,32.5,18.7597421697102
"13","IMG_2100 3.jpg",1,2,"E",1,7822,517.37,85.039,0.367,2.659,0.376,0.823,106.986,112.726,48.894,4.67558957594548
"14","IMG_2100 3.jpg",1,2,"F",2,14651,689.352,85,0.749,1.6075,0.6265,0.941,77.334,90.8505,33.443,8.75761478869563
"15","IMG_2100 3.jpg",1,2,"G",2,7871,752.891,87.3625,0.42,1.76,0.6135,0.8955,109.959,112.794,54.312,4.70487925751302
"16","IMG_2100 3.jpg",1,2,"H",1,10047,522.399,85,0.463,2.469,0.405,0.813,78.446,90.033,32.911,6.00558021855334
"17","IMG_2100 3.jpg",1,3,"A",3,26310,1236.295,85.0003333333333,0.649666666666667,2.076,0.508,0.907,73.0276666666667,86.8496666666667,28.0483333333333,15.7267657559608
"18","IMG_2100 3.jpg",1,3,"B",1,1779,324.836,85.052,0.212,3.123,0.32,0.692,102.192,107.338,57.994,1.06339476548287
"19","IMG_2100 3.jpg",1,3,"C",3,14077,812.548,85.0853333333333,0.801666666666667,1.36166666666667,0.740333333333333,0.963666666666667,83.187,93.2093333333333,37.243,8.41450709033297
"20","IMG_2100 3.jpg",1,3,"D",3,22840,1109.384,85.0816666666667,0.700333333333333,1.837,0.553,0.922333333333333,82.753,96.268,34.6336666666667,13.652578102096
"21","IMG_2100 3.jpg",1,3,"E",2,10482,603.914,85.002,0.663,1.8235,0.557,0.9235,94.2375,104.2305,45.886,6.26560086104072
"22","IMG_2100 3.jpg",1,3,"F",3,19568,1028.029,85,0.692,1.81166666666667,0.567666666666667,0.909666666666667,76.5536666666667,89.924,26.9903333333333,11.6967446717081
"23","IMG_2100 3.jpg",1,3,"G",1,1569,267.439,84.997,0.276,7.418,0.135,0.818,87.505,93.262,50.668,0.937867558764824
"24","IMG_2100 3.jpg",1,3,"H",2,6708,498.6,85.006,0.6665,1.738,0.5805,0.9165,109.433,113.196,57.369,4.00969763173642
"25","IMG_2100 3.jpg",1,4,"A",1,21510,946.774,85.137,0.302,1.244,0.804,0.746,82.894,96.226,34.326,12.8575724595484
"26","IMG_2100 3.jpg",1,4,"B",2,8189,586.961,85,0.597,2.737,0.366,0.9535,92.0405,105.1835,41.097,4.89496331340035
"27","IMG_2100 3.jpg",1,4,"C",4,20789,1271.249,85.27675,0.5295,1.82375,0.568,0.8345,106.0345,116.141,50.31625,12.4265957164831
"28","IMG_2100 3.jpg",1,4,"D",1,27926,1215.852,85.092,0.237,1.967,0.508,0.65,85.708,99.384,34.914,16.6927274990863
"29","IMG_2100 3.jpg",1,4,"E",2,32155,1378.906,85.077,0.4835,1.8335,0.569,0.7885,86.8825,100.109,35.583,19.2206063429464
"30","IMG_2100 3.jpg",1,4,"F",3,18727,1053.099,85.1233333333333,0.629,2.094,0.509,0.902333333333333,89.0066666666667,101.569,37.0433333333333,11.1940380962325
"31","IMG_2100 3.jpg",1,4,"G",2,16739,795.82,85.005,0.664,1.7735,0.568,0.9235,93.0885,104.2345,39.731,10.005713872635
"32","IMG_2100 3.jpg",1,4,"H",2,12040,649.595,85.0005,0.6645,1.2345,0.81,0.8875,93.1595,103.6155,46.671,7.19689318516793
"33","IMG_2100 3.jpg",1,5,"A",0,0,0,NA,NA,NA,NA,NA,NA,NA,NA,0
"34","IMG_2100 3.jpg",1,5,"B",1,27346,1266.237,85.006,0.214,1.628,0.614,0.752,85.938,99.607,35.259,16.3460333091032
"35","IMG_2100 3.jpg",1,5,"C",2,11380,738.666,85.703,0.535,2.272,0.442,0.8555,103.6275,116.5905,45.4685,6.80237910691122
"36","IMG_2100 3.jpg",1,5,"D",3,8993,834.749,85.1943333333333,0.468666666666667,2.34933333333333,0.526333333333333,0.827333333333333,98.5013333333333,109.228,45.839,5.37555319054944
"37","IMG_2100 3.jpg",1,5,"E",3,11822,870.933,85.582,0.491333333333333,2.49366666666667,0.454,0.842,115.068,122.085333333333,58.3536666666667,7.06658398962253
"38","IMG_2100 3.jpg",1,5,"F",2,20655,924.473,85.018,0.6065,1.8385,0.5795,0.8795,96.6715,108.1925,39.2965,12.3464974036249
"39","IMG_2100 3.jpg",1,5,"G",3,25077,1220.94,85,0.618,2.15,0.474333333333333,0.917666666666667,81.4233333333333,94.559,30.1636666666667,14.9897417279449
"40","IMG_2100 3.jpg",1,5,"H",1,12335,663.495,85.002,0.352,2.958,0.338,0.723,74.875,88.76,30.364,7.37322902317661
"41","IMG_2100 3.jpg",1,6,"A",3,4869,630.766,85.369,0.430333333333333,1.88766666666667,0.546,0.812,123.984,130.193333333333,61.6986666666667,2.91043795004839
"42","IMG_2100 3.jpg",1,6,"B",2,19090,1187.301,85.001,0.3795,2.7865,0.382,0.7635,93.2405,104.8515,43.0825,11.4110208392737
"43","IMG_2100 3.jpg",1,6,"C",0,0,0,NA,NA,NA,NA,NA,NA,NA,NA,0
"44","IMG_2100 3.jpg",1,6,"D",2,9418,655.654,85,0.549,2.043,0.491,0.834,90.081,103.6035,39.635,5.62959634700262
"45","IMG_2100 3.jpg",1,6,"E",1,7430,434.659,85.224,0.494,1.522,0.657,0.861,109.401,119.295,52.666,4.44127212340513
"46","IMG_2100 3.jpg",1,6,"F",2,11014,605.511,85,0.762,1.4585,0.7165,0.934,89.7015,103.78,36.634,6.58360311805977
"47","IMG_2100 3.jpg",1,6,"G",1,2459,227.279,85.001,0.598,1.728,0.579,0.888,85.551,96.269,35.155,1.46986381580797
"48","IMG_2100 3.jpg",1,6,"H",2,4685,410.392,85,0.69,1.8725,0.535,0.931,74.627,84.9175,31.68,2.80045220701925
"49","IMG_2102 2.jpg",1,7,"A",1,24432,986.087,71.858,0.316,1.366,0.732,0.749,82.042,94.71,38.815,14.6544953129609
"50","IMG_2102 2.jpg",1,7,"B",2,7437,527.588,74.668,0.555,2.627,0.3895,0.905,86.3285,95.9755,41.645,4.46076791267561
"51","IMG_2102 2.jpg",1,7,"C",1,566,122.811,86.818,0.472,2.043,0.49,0.839,97.53,103.769,59.092,0.339491009624095
"52","IMG_2102 2.jpg",1,7,"D",0,0,0,NA,NA,NA,NA,NA,NA,NA,NA,0
"53","IMG_2102 2.jpg",1,7,"E",1,4166,296.676,87.606,0.595,1.399,0.715,0.897,102.298,109.278,51.259,2.49879778461834
"54","IMG_2102 2.jpg",1,7,"F",1,13200,680.968,78.835,0.358,2.588,0.386,0.762,92.246,102.998,41.178,7.9174581749789
"55","IMG_2102 2.jpg",1,7,"G",1,4841,337.161,78.874,0.535,2.17,0.461,0.801,91.928,102.338,42.263,2.90366780492976
"56","IMG_2102 2.jpg",1,7,"H",2,23121,1086.597,78.706,0.4995,1.7055,0.589,0.857,91.1495,99.96,44.922,13.8681477624005
"57","IMG_2102 2.jpg",1,8,"A",1,3051,223.664,77.284,0.766,1.272,0.786,0.928,89.676,98.285,43.893,1.83001249180762
"58","IMG_2102 2.jpg",1,8,"B",2,9308,530.257,81.4215,0.5875,2.5495,0.3935,0.905,92.8865,101.638,49.742,5.58300762823512
"59","IMG_2102 2.jpg",1,8,"C",3,6872,539.227,95.8313333333333,0.766,1.16733333333333,0.858666666666667,0.933666666666667,111.008333333333,117.161333333333,59.3206666666667,4.12187671048901
"60","IMG_2102 2.jpg",1,8,"D",3,11822,737.838,80.8026666666667,0.804,1.36366666666667,0.733666666666667,0.961,93.2916666666667,104.499,44.6736666666667,7.0909235261061
"61","IMG_2102 2.jpg",1,8,"E",0,0,0,NA,NA,NA,NA,NA,NA,NA,NA,0
"62","IMG_2102 2.jpg",1,8,"F",1,14965,694.34,69.291,0.39,2.141,0.467,0.757,79.93,93.03,34.674,8.97611830216358
"63","IMG_2102 2.jpg",1,8,"G",0,0,0,NA,NA,NA,NA,NA,NA,NA,NA,0
"64","IMG_2102 2.jpg",1,8,"H",1,10316,459.688,71.438,0.613,1.308,0.764,0.881,82.992,95.076,36.276,6.18761352523351
"65","IMG_2102 2.jpg",1,9,"A",2,5643,408.233,86.7625,0.8075,1.4585,0.7185,0.954,100.86,108.1395,51.087,3.38471336980348
"66","IMG_2102 2.jpg",1,9,"B",2,17288,1287.599,105.071,0.2345,1.4135,0.7145,0.7915,121.0825,126.4295,67.6875,10.3694709794724
"67","IMG_2102 2.jpg",1,9,"C",2,16479,897.217,87.77,0.5155,1.8785,0.5555,0.836,101.281,111.689,50.1955,9.88422676253616
"68","IMG_2102 2.jpg",1,9,"D",1,9999,472.742,84.451,0.562,1.385,0.722,0.87,96.618,107.639,49.218,5.99747456754652
"69","IMG_2102 2.jpg",1,9,"E",2,15427,757.661,84.1785,0.664,1.5935,0.658,0.9085,97.741,107.9325,46.819,9.25322933828784
"70","IMG_2102 2.jpg",1,9,"F",2,12853,772.264,93.5565,0.4835,1.511,0.6995,0.8695,109.9565,117.0895,53.6705,7.70932499416695
"71","IMG_2102 2.jpg",1,9,"G",1,14344,593.796,81.414,0.511,1.327,0.753,0.827,93.881,104.64,45.74,8.60363788347707
"72","IMG_2102 2.jpg",1,9,"H",0,0,0,NA,NA,NA,NA,NA,NA,NA,NA,0
"73","IMG_2102 2.jpg",1,10,"A",1,7051,492.174,69.878,0.366,2.728,0.367,0.752,80.465,91.084,38.019,4.22924224180123
"74","IMG_2102 2.jpg",1,10,"B",1,6251,519.955,74.208,0.291,1.457,0.686,0.731,87.947,96.441,38.22,3.74939629180251
"75","IMG_2102 2.jpg",1,10,"C",0,0,0,NA,NA,NA,NA,NA,NA,NA,NA,0
"76","IMG_2102 2.jpg",1,10,"D",0,0,0,NA,NA,NA,NA,NA,NA,NA,NA,0
"77","IMG_2102 2.jpg",1,10,"E",1,3715,253.421,89.013,0.727,1.431,0.699,0.903,108.936,110.211,47.864,2.22828463030656
"78","IMG_2102 2.jpg",1,10,"F",1,4709,285.12,60.94,0.728,1.624,0.616,0.926,70.015,81.001,31.747,2.82449322317997
"79","IMG_2102 2.jpg",1,10,"G",2,4475,378.96,73.033,0.7345,1.577,0.634,0.915,88.9245,91.6075,38.4275,2.68413828280535
"80","IMG_2102 2.jpg",1,10,"H",1,3038,264.049,68.644,0.548,1.377,0.726,0.809,80.732,89.049,36.143,1.82221499512014
"81","IMG_2102 2.jpg",1,11,"A",1,5519,304.978,65.857,0.746,1.612,0.62,0.915,74.999,88.841,33.854,3.31033724755368
"82","IMG_2102 2.jpg",1,11,"B",1,2816,212.066,79.427,0.787,1.683,0.594,0.966,96.371,100.098,42.059,1.6890577439955
"83","IMG_2102 2.jpg",1,11,"C",4,5303,593.998,70.8425,0.61825,1.955,0.5535,0.8495,83.06825,87.9885,41.47425,3.18077884105402
"84","IMG_2102 2.jpg",1,11,"D",2,2556,360.132,86.281,0.5075,1.745,0.574,0.8495,100.644,103.671,54.4175,1.53310781024591
"85","IMG_2102 2.jpg",1,11,"E",0,0,0,NA,NA,NA,NA,NA,NA,NA,NA,0
"86","IMG_2102 2.jpg",1,11,"F",1,5162,408.316,56.32,0.389,1.505,0.665,0.739,65.915,76.096,26.973,3.09620599236675
"87","IMG_2102 2.jpg",1,11,"G",1,5712,336.919,70.924,0.632,1.454,0.688,0.892,82.141,92.417,38.178,3.42610008299087
"88","IMG_2102 2.jpg",1,11,"H",1,3289,284.593,66.843,0.51,1.629,0.614,0.805,78.867,86.101,35.431,1.97276666193224
"89","IMG_2102 2.jpg",1,12,"A",2,13439,980.23,69.6615,0.524,1.5435,0.6785,0.835,79.1285,90.5415,39.4085,8.06081215254102
"90","IMG_2102 2.jpg",1,12,"B",1,1657,173.823,71.174,0.689,1.534,0.652,0.923,84.331,90.52,38.651,0.993880923934851
"91","IMG_2102 2.jpg",1,12,"C",1,2116,255.865,96.353,0.406,1.366,0.732,0.791,119.765,116.43,52.85,1.26919253774662
"92","IMG_2102 2.jpg",1,12,"D",1,2853,225.765,64.118,0.703,1.372,0.729,0.919,74.407,82.859,35.169,1.71125061918294
"93","IMG_2102 2.jpg",1,12,"E",2,7490,545.712,73.574,0.63,1.7995,0.5565,0.903,88.0015,94.6455,38.0565,4.49255770686303
"94","IMG_2102 2.jpg",1,12,"F",2,7452,561.755,76.7645,0.5895,1.91,0.5315,0.853,92.1135,98.327,39.8735,4.46976502423809
"95","IMG_2102 2.jpg",1,12,"G",3,6224,590.968,75.2233333333333,0.66,1.74366666666667,0.608,0.919666666666667,92.2996666666667,94.7436666666667,38.6003333333333,3.73320149099005
"96","IMG_2102 2.jpg",1,12,"H",1,13055,649.227,64.299,0.389,1.629,0.614,0.812,76.799,84.94,31.21,7.83048609654163
"97","IMG_2103.jpg",2,1,"A",1,1659,165.137,85,0.764,1.562,0.64,0.919,93.599,105.327,31.366,2.45281622497056
"98","IMG_2103.jpg",2,1,"B",1,2368,215.865,85,0.639,1.345,0.744,0.892,76.238,90.783,27.096,3.50106619694412
"99","IMG_2103.jpg",2,1,"C",2,3005,328.634,85,0.6805,2.018,0.535,0.931,87.6625,101.1525,31.5365,4.44286483184842
"100","IMG_2103.jpg",2,1,"D",2,5231,528.399,85.0725,0.521,2.0905,0.479,0.854,100.5665,110.5275,38.3085,7.7339853362393
"101","IMG_2103.jpg",2,1,"E",1,1452,159.196,85,0.72,1.64,0.61,0.916,98.826,111.406,36.747,2.14676863089648
"102","IMG_2103.jpg",2,1,"F",1,1029,123.539,85,0.847,1.423,0.703,0.955,87.731,92.398,30.181,1.52136702561465
"103","IMG_2103.jpg",2,1,"G",1,2232,266.149,85,0.396,2.078,0.481,0.715,105.09,111.717,42.346,3.29999144914665
"104","IMG_2103.jpg",2,1,"H",2,1178,228.852,85,0.574,2.5215,0.3965,0.9025,63.557,76.804,26.3465,1.74166215371629
"105","IMG_2103.jpg",2,2,"A",1,2009,183.238,85,0.752,1.291,0.774,0.912,78.788,93.044,23.195,2.97028800239051
"106","IMG_2103.jpg",2,2,"B",1,965,120.953,85,0.829,1.254,0.798,0.935,85.275,98.874,29.589,1.42674361488643
"107","IMG_2103.jpg",2,2,"C",1,1582,188.368,85,0.56,1.469,0.681,0.872,91.525,102.954,29.341,2.33897243393817
"108","IMG_2103.jpg",2,2,"D",1,1774,233.078,85,0.41,1.742,0.574,0.857,110.921,116.187,46.661,2.62284266612283
"109","IMG_2103.jpg",2,2,"E",2,2027,261.664,85,0.7405,1.482,0.6815,0.91,106.2895,113.358,38.416,2.99690083665782
"110","IMG_2103.jpg",2,2,"F",2,3108,351.747,88.4755,0.6175,2.0155,0.4975,0.862,113.554,113.076,41.7225,4.59514938348915
"111","IMG_2103.jpg",2,2,"G",3,2602,347.747,85,0.769,1.44366666666667,0.731333333333333,0.916,91.66,96.8496666666667,34.5753333333333,3.84703304241917
"112","IMG_2103.jpg",2,2,"H",1,315,154.652,85.702,0.166,2.661,0.376,0.477,118.079,117.168,66.098,0.465724599677954
"113","IMG_2103.jpg",2,3,"A",1,1069,161.095,85,0.518,2.053,0.487,0.757,107.238,113.529,45.59,1.58050665731979
"114","IMG_2103.jpg",2,3,"B",0,0,0,NA,NA,NA,NA,NA,NA,NA,NA,0
"115","IMG_2103.jpg",2,3,"C",2,1287,190.551,85,0.852,1.44,0.696,0.937,132.947,124.558,60.947,1.90281765011279
"116","IMG_2103.jpg",2,3,"D",0,0,0,NA,NA,NA,NA,NA,NA,NA,NA,0
"117","IMG_2103.jpg",2,3,"E",0,0,0,NA,NA,NA,NA,NA,NA,NA,NA,0
"118","IMG_2103.jpg",2,3,"F",0,0,0,NA,NA,NA,NA,NA,NA,NA,NA,0
"119","IMG_2103.jpg",2,3,"G",0,0,0,NA,NA,NA,NA,NA,NA,NA,NA,0
"120","IMG_2103.jpg",2,3,"H",0,0,0,NA,NA,NA,NA,NA,NA,NA,NA,0
"121","IMG_2103.jpg",2,4,"A",1,326,89.012,85,0.517,3.209,0.312,0.831,145.61,144.117,77.466,0.481987998396867
"122","IMG_2103.jpg",2,4,"B",1,1909,174.167,85,0.791,1.346,0.743,0.93,76.519,87.488,33.965,2.82243892312767
"123","IMG_2103.jpg",2,4,"C",2,2530,310.433,85,0.645,1.7665,0.566,0.867,102.102,108.048,42.9355,3.74058170534992
"124","IMG_2103.jpg",2,4,"D",1,1149,133.882,85,0.806,1.222,0.818,0.938,129.114,130.117,52.347,1.69878592073006
"125","IMG_2103.jpg",2,4,"E",1,1576,162.853,85.485,0.747,1.464,0.683,0.925,154.159,148.953,72.079,2.3301014891824
"126","IMG_2103.jpg",2,4,"F",2,3020,336.676,85,0.676,1.4755,0.689,0.859,122.741,125.7365,50.6515,4.46504219373785
"127","IMG_2103.jpg",2,4,"G",1,1499,166.167,85,0.682,1.86,0.538,0.901,137.556,139.312,66.118,2.21625769815001
"128","IMG_2103.jpg",2,4,"H",1,1511,157.439,85,0.766,1.305,0.767,0.93,103.031,110.281,40.345,2.23399958766155
"129","IMG_2103.jpg",2,5,"A",1,1213,147.196,85,0.704,1.645,0.608,0.898,84.799,85.52,33.007,1.79340933145828
"130","IMG_2103.jpg",2,5,"B",1,1446,154.368,85,0.763,1.378,0.726,0.92,60.807,74.521,25.172,2.13789768614071
"131","IMG_2103.jpg",2,5,"C",1,1402,145.924,85,0.827,1.474,0.678,0.946,77.685,87.372,28.679,2.07284409126505
"132","IMG_2103.jpg",2,5,"D",1,2090,191.238,85,0.718,1.593,0.628,0.918,97.772,110.865,41.834,3.09004575659341
"133","IMG_2103.jpg",2,5,"E",2,1916,241.764,85,0.7325,1.4245,0.703,0.9,88.96,100.0775,33.077,2.83278835867607
"134","IMG_2103.jpg",2,5,"F",2,2472,272.634,85,0.8245,1.4015,0.716,0.94,110.67,115.894,46.9995,3.65482923937747
"135","IMG_2103.jpg",2,5,"G",1,527,110.569,85.083,0.542,2.253,0.444,0.877,93.013,99.4,43.347,0.779164647715181
"136","IMG_2103.jpg",2,5,"H",0,0,0,NA,NA,NA,NA,NA,NA,NA,NA,0
"137","IMG_2103.jpg",2,6,"A",2,5341,421.789,87.6825,0.7385,1.602,0.644,0.919,142.955,149.3465,69.4155,7.89661932342843
"138","IMG_2103.jpg",2,6,"B",2,7889,558.885,85,0.584,2.0145,0.538,0.89,119.94,133.4305,53.3835,11.6638138630457
"139","IMG_2103.jpg",2,6,"C",2,7646,570.884,85,0.5895,2.1505,0.465,0.8465,123.959,137.0415,55.273,11.304540600437
"140","IMG_2103.jpg",2,6,"D",2,4876,396.617,85.027,0.7615,1.672,0.6215,0.924,143.121,150.9905,70.144,7.20912110485621
"141","IMG_2103.jpg",2,6,"E",3,9853,717.394,85,0.723,1.79166666666667,0.570666666666667,0.909333333333333,119.398333333333,134.221333333333,55.3323333333333,14.5675697797679
"142","IMG_2103.jpg",2,6,"F",1,684,109.054,85,0.723,1.528,0.654,0.891,120.427,130.57,64.472,1.01128770215784
"143","IMG_2103.jpg",2,6,"G",1,2961,240.108,85,0.645,2.001,0.5,0.884,122.969,137.336,55.339,4.37781123697277
"144","IMG_2103.jpg",2,6,"H",2,5567,461.629,85,0.5555,2.743,0.383,0.879,120.318,133.562,60.3615,8.23075824256245
"145","IMG_2104.jpg",2,7,"A",1,1714,249.439,84.131,0.346,3.112,0.321,0.766,101.33,109.695,41.438,2.44526219938847
"146","IMG_2104.jpg",2,7,"B",1,2502,236.894,85.396,0.56,2.79,0.358,0.909,101.454,114.119,40.652,3.56945508918901
"147","IMG_2104.jpg",2,7,"C",1,4088,389.546,97.977,0.339,1.696,0.59,0.698,115.557,125.524,52.906,5.83210727602105
"148","IMG_2104.jpg",2,7,"D",2,5212,461.203,89.711,0.6255,1.818,0.551,0.8615,104.795,115.7905,48.5765,7.43565144878222
"149","IMG_2104.jpg",2,7,"E",1,609,99.154,83.66,0.778,1.442,0.694,0.949,96.204,106.511,48.174,0.86882420036615
"150","IMG_2104.jpg",2,7,"F",1,2299,222.108,73.66,0.586,2.319,0.431,0.904,88.379,100.992,31.695,3.27984702240029
"151","IMG_2104.jpg",2,7,"G",3,6590,620.482,84.794,0.681333333333333,2.013,0.565333333333333,0.877,100.48,111.995333333333,41.9483333333333,9.40156236521006
"152","IMG_2104.jpg",2,7,"H",1,6388,423.588,77.218,0.447,1.149,0.87,0.831,93.285,104.76,33.549,9.11338093914444
"153","IMG_2104.jpg",2,8,"A",1,3767,257.078,77.278,0.716,1.919,0.521,0.933,93.241,106.347,32.198,5.37415560390687
"154","IMG_2104.jpg",2,8,"B",1,2389,218.024,104.251,0.632,2.505,0.399,0.954,122.027,131.989,58.836,3.40824468747903
"155","IMG_2104.jpg",2,8,"C",1,1342,149.681,90.526,0.753,1.86,0.538,0.927,105.472,116.256,50.045,1.91455185039634
"156","IMG_2104.jpg",2,8,"D",1,5913,379.061,101.315,0.517,1.297,0.771,0.859,119.037,127.967,57.055,8.4357265956733
"157","IMG_2104.jpg",2,8,"E",1,3297,258.25,78.49,0.621,2.169,0.461,0.876,92.266,105.833,37.309,4.70363446405122
"158","IMG_2104.jpg",2,8,"F",1,2568,228.752,98.189,0.617,2.317,0.432,0.898,115.654,124.681,54.288,3.66361337691342
"159","IMG_2104.jpg",2,8,"G",2,4596,416.759,99.2815,0.659,1.6115,0.6425,0.8805,116.5525,126.1045,55.237,6.55684076335439
"160","IMG_2104.jpg",2,8,"H",1,4005,276.877,79.264,0.657,1.239,0.807,0.88,94.952,108.56,34.317,5.71369609600399
"161","IMG_2104.jpg",2,9,"A",2,1755,289.22,93.6965,0.496,1.8815,0.5455,0.8475,108.3265,116.0135,56.7125,2.50375446903546
"162","IMG_2104.jpg",2,9,"B",3,5007,488.517,79.961,0.771333333333333,1.629,0.659666666666667,0.946666666666667,95.339,107.825,36.8016666666667,7.14319010054731
"163","IMG_2104.jpg",2,9,"C",2,6695,512.257,89.0675,0.6555,1.4405,0.7215,0.879,107.395,113.9905,45.785,9.55135964113525
"164","IMG_2104.jpg",2,9,"D",1,2922,238.35,87.006,0.646,1.814,0.551,0.877,103.579,116.353,41.134,4.1686441928898
"165","IMG_2104.jpg",2,9,"E",1,1805,193.48,86.596,0.606,2.286,0.437,0.884,101.413,111.466,46.991,2.57508650519031
"166","IMG_2104.jpg",2,9,"F",0,0,0,NA,NA,NA,NA,NA,NA,NA,NA,0
"167","IMG_2104.jpg",2,9,"G",2,6534,472.458,94.3525,0.74,1.65,0.646,0.93,112.2045,123.2755,47.4995,9.32167048471662
"168","IMG_2104.jpg",2,9,"H",1,2783,245.279,104.922,0.581,2.322,0.431,0.87,121.952,130.87,62.156,3.9703411323793
"169","IMG_2104.jpg",2,10,"A",1,3198,241.765,86.665,0.688,1.93,0.518,0.919,101.969,113.124,44.933,4.56239703246461
"170","IMG_2104.jpg",2,10,"B",2,6246,598.24,108.14,0.5225,1.519,0.672,0.8505,127.031,131.0365,66.387,8.91079795646465
"171","IMG_2104.jpg",2,10,"C",2,3508,340.877,94.5155,0.623,2.2525,0.444,0.873,111.236,119.019,53.4045,5.00465565662472
"172","IMG_2104.jpg",2,10,"D",2,3549,351.605,94.073,0.744,1.821,0.608,0.915,111.546,122.5465,48.2175,5.0631479262717
"173","IMG_2104.jpg",2,10,"E",1,3423,266.635,90.284,0.605,2.081,0.481,0.86,106.207,119.342,45.274,4.88339119516146
"174","IMG_2104.jpg",2,10,"F",2,7004,600.725,98.189,0.505,2.585,0.3915,0.793,115.9355,127.1665,51.632,9.99219162457227
"175","IMG_2104.jpg",2,10,"G",2,2475,290.392,101.351,0.741,1.7825,0.596,0.9105,121.2785,127.8935,55.018,3.53093578966539
"176","IMG_2104.jpg",2,10,"H",1,11183,674.624,65.635,0.309,1.329,0.753,0.78,79.013,93.243,24.594,15.9541232063952
"177","IMG_2104.jpg",2,11,"A",2,4147,389.061,82.016,0.678,1.816,0.5585,0.906,98.3105,109.002,38.857,5.91627907868378
"178","IMG_2104.jpg",2,11,"B",1,3121,243.622,82.238,0.661,2.089,0.479,0.896,97.996,109.178,39.757,4.45254569678613
"179","IMG_2104.jpg",2,11,"C",1,545,118.125,114.305,0.491,1.517,0.659,0.806,131.2,133.327,78.349,0.777519194087933
"180","IMG_2104.jpg",2,11,"D",2,5150,426.618,82.7105,0.712,1.845,0.553,0.91,98.029,110.997,39.135,7.3471997239502
"181","IMG_2104.jpg",2,11,"E",1,3736,287.706,92.44,0.567,2.071,0.483,0.873,109.768,121.047,46.57,5.32992974149086
"182","IMG_2104.jpg",2,11,"F",3,4540,443.002,106.898333333333,0.785,1.521,0.671333333333333,0.922666666666667,125.796333333333,132.461333333333,62.4026666666667,6.47694888286095
"183","IMG_2104.jpg",2,11,"G",1,2087,211.823,111.922,0.585,1.224,0.817,0.841,134.121,138.641,62.972,2.9773991891037
"184","IMG_2104.jpg",2,11,"H",1,13980,867.82,75.793,0.233,1.479,0.676,0.713,91.813,103.706,31.807,19.9444373088978
"185","IMG_2104.jpg",2,12,"A",1,3159,235.622,66.064,0.715,1.307,0.765,0.921,79.493,92.183,26.534,4.50675804426382
"186","IMG_2104.jpg",2,12,"B",0,0,0,NA,NA,NA,NA,NA,NA,NA,NA,0
"187","IMG_2104.jpg",2,12,"C",0,0,0,NA,NA,NA,NA,NA,NA,NA,NA,0
"188","IMG_2104.jpg",2,12,"D",2,3682,361.99,96.997,0.702,1.625,0.6435,0.91,114.1735,124.1165,52.7735,5.25289114244362
"189","IMG_2104.jpg",2,12,"E",2,8653,639.269,94.8735,0.592,1.994,0.5495,0.822,112.058,120.9395,51.6065,12.3447221769594
"190","IMG_2104.jpg",2,12,"F",2,3457,384.333,83.6625,0.5815,2.6015,0.386,0.8655,98.794,109.361,42.8555,4.93189697974676
"191","IMG_2104.jpg",2,12,"G",1,6101,344.392,77.645,0.646,1.191,0.84,0.884,92.771,107.205,32.941,8.70393505161556
"192","IMG_2104.jpg",2,12,"H",3,5301,532.642,95.7326666666667,0.67,1.873,0.582333333333333,0.882666666666667,112.617333333333,119.982,54.5476666666667,7.56262247313786
"193","IMG_2106 2.jpg",3,1,"A",1,326,84.083,98.132,0.579,1.368,0.731,0.86,108.485,114.006,71.837,0.185821285917257
"194","IMG_2106 2.jpg",3,1,"B",2,17405,850.649,74.1225,0.5905,2.2045,0.465,0.874,86.252,97.4365,38.6635,9.9209186545701
"195","IMG_2106 2.jpg",3,1,"C",1,15064,727.879,76.488,0.357,1.671,0.599,0.728,89.65,99.222,40.518,8.58653942042195
"196","IMG_2106 2.jpg",3,1,"D",2,14734,744.507,81.7195,0.5945,1.6765,0.6115,0.8735,94.7,103.6365,46.8995,8.39843811872657
"197","IMG_2106 2.jpg",3,1,"E",1,7520,498.257,99.297,0.381,1.165,0.858,0.807,114.252,119.6,63.994,4.2864296628766
"198","IMG_2106 2.jpg",3,1,"F",1,13143,610.784,75.197,0.443,2.528,0.396,0.797,86.755,97.759,41.216,7.49156184297701
"199","IMG_2106 2.jpg",3,1,"G",3,16022,876.833,73.99,0.745,1.61466666666667,0.620666666666667,0.947666666666667,87.2646666666667,94.9246666666667,39.73,9.13260319928309
"200","IMG_2106 2.jpg",3,1,"H",2,17701,799.72,66.212,0.6685,1.668,0.601,0.9065,76.4665,87.2365,34.84,10.0896398221514
"201","IMG_2106 2.jpg",3,2,"A",2,24876,1122.715,69.8325,0.512,2.1755,0.462,0.8455,80.84,92.882,35.7085,14.1794181241647
"202","IMG_2106 2.jpg",3,2,"B",1,12082,489.085,70.652,0.635,1.652,0.605,0.886,81.549,94.837,35.491,6.88678765782913
"203","IMG_2106 2.jpg",3,2,"C",2,9557,624.867,73.1765,0.5255,2.433,0.4275,0.8645,84.614,94.7305,40.0905,5.44752769788719
"204","IMG_2106 2.jpg",3,2,"D",1,14500,603.227,76.262,0.501,1.904,0.525,0.843,88.132,99.737,41.044,8.2650571957062
"205","IMG_2106 2.jpg",3,2,"E",3,24191,1417.835,76.3423333333333,0.480666666666667,2.89133333333333,0.354666666666667,0.804666666666667,88.252,99.4786666666667,41.342,13.7889654221606
"206","IMG_2106 2.jpg",3,2,"F",2,6626,520.014,85.3145,0.553,1.9295,0.534,0.8775,98.267,105.3265,52.2435,3.77684613646547
"207","IMG_2106 2.jpg",3,2,"G",3,13813,832.934,84.7643333333333,0.670333333333333,1.63166666666667,0.664666666666667,0.899333333333333,98.834,106.841,48.578,7.87346448581309
"208","IMG_2106 2.jpg",3,2,"H",2,32894,1379.291,67.248,0.504,1.8565,0.547,0.7975,77.6855,89.3795,34.5565,18.7497097514179
"209","IMG_2106 2.jpg",3,3,"A",4,13427,1122.312,73.40775,0.4635,1.372,0.74525,0.76,91.91525,92.99275,35.2085,7.65344296322395
"210","IMG_2106 2.jpg",3,3,"B",2,6118,599.068,86.0105,0.536,1.6765,0.5995,0.8395,105.2015,105.126,47.614,3.48728413264349
"211","IMG_2106 2.jpg",3,3,"C",1,7459,373.103,54.23,0.673,1.439,0.695,0.914,60.94,72.979,28.86,4.25165942226018
"212","IMG_2106 2.jpg",3,3,"D",1,734,125.539,94.287,0.585,1.777,0.563,0.841,110.417,111.424,60.845,0.418382895286093
"213","IMG_2106 2.jpg",3,3,"E",1,6470,359.931,57.489,0.628,1.805,0.554,0.895,65.196,76.657,30.691,3.68792552111856
"214","IMG_2106 2.jpg",3,3,"F",1,11561,812.933,75.78,0.22,1.778,0.562,0.67,90.393,96.933,39.903,6.58981560272824
"215","IMG_2106 2.jpg",3,3,"G",3,10221,772.021,74.0526666666667,0.660666666666667,2.02066666666667,0.522666666666667,0.894,88.3883333333333,94.7036666666667,39.0213333333333,5.82601031705608
"216","IMG_2106 2.jpg",3,3,"H",1,3580,317.605,86.394,0.446,1.326,0.754,0.874,107.049,104.816,47.265,2.04061412142264
"217","IMG_2106 2.jpg",3,4,"A",1,6044,418.032,61.568,0.435,2.433,0.411,0.792,70.472,81.449,32.905,3.44510384074816
"218","IMG_2106 2.jpg",3,4,"B",3,10108,690.021,59.8386666666667,0.733333333333333,1.546,0.657333333333333,0.933333333333333,69.8853333333333,78.2913333333333,31.278,5.76159987132402
"219","IMG_2106 2.jpg",3,4,"C",1,3500,249.765,58.651,0.705,1.513,0.661,0.913,68.073,78.402,29.444,1.99501380586012
"220","IMG_2106 2.jpg",3,4,"D",1,9637,569.227,70.091,0.374,2.711,0.369,0.751,80.441,92.827,36.932,5.4931280134497
"221","IMG_2106 2.jpg",3,4,"E",1,7791,418.659,66.27,0.559,1.176,0.85,0.854,77.399,88.505,32.797,4.44090073184462
"222","IMG_2106 2.jpg",3,4,"F",1,5550,417.103,72.514,0.401,2.37,0.422,0.814,86.017,93.935,37.592,3.16352189214962
"223","IMG_2106 2.jpg",3,4,"G",2,8975,601.654,70.1055,0.613,1.575,0.6365,0.888,83.9215,90.577,35.8185,5.11578540216987
"224","IMG_2106 2.jpg",3,4,"H",1,6214,442.174,65.605,0.399,1.809,0.553,0.804,77.384,82.338,37.136,3.54200451131851
"225","IMG_2106 2.jpg",3,5,"A",2,13206,792.181,69.221,0.5475,1.719,0.6035,0.8445,83.426,92.004,32.2335,7.52747209148249
"226","IMG_2106 2.jpg",3,5,"B",1,7586,526.316,70.092,0.344,1.448,0.691,0.8,82.993,91.922,35.229,4.32404992321567
"227","IMG_2106 2.jpg",3,5,"C",1,6079,343.99,67.825,0.646,1.477,0.677,0.895,83.276,89.002,31.248,3.46505397880676
"228","IMG_2106 2.jpg",3,5,"D",1,4168,264.836,51.435,0.747,1.67,0.599,0.941,57.708,68.951,27.7,2.37577644080714
"229","IMG_2106 2.jpg",3,5,"E",2,4775,400.031,67.9605,0.726,1.3715,0.7505,0.9185,82.915,89.038,31.9965,2.72176883513773
"230","IMG_2106 2.jpg",3,5,"F",1,6989,358.777,62.175,0.682,1.922,0.52,0.94,71.999,83.991,30.623,3.98375756833039
"231","IMG_2106 2.jpg",3,5,"G",2,3001,329.061,70.1945,0.623,1.25,0.809,0.871,80.463,87.0945,42.9985,1.71058183753892
"232","IMG_2106 2.jpg",3,5,"H",2,6798,473.085,59.413,0.6945,1.453,0.7045,0.907,69.329,78.0095,30.9055,3.87488681492488
"233","IMG_2106 2.jpg",3,6,"A",1,7463,743.394,75.172,0.17,1.807,0.553,0.638,92.509,96.847,36.105,4.2539394380383
"234","IMG_2106 2.jpg",3,6,"B",1,2038,175.581,69.978,0.831,1.234,0.81,0.944,85.785,90.794,33.412,1.16166803895512
"235","IMG_2106 2.jpg",3,6,"C",1,9262,453.931,61.048,0.565,1.326,0.754,0.858,71.553,81.845,29.821,5.2793765342504
"236","IMG_2106 2.jpg",3,6,"D",1,3116,228.108,75.759,0.753,1.363,0.734,0.937,91.561,97.826,38.108,1.77613229116004
"237","IMG_2106 2.jpg",3,6,"E",1,3937,267.765,59.982,0.69,1.16,0.862,0.913,70.204,80.032,29.537,2.24410552962037
"238","IMG_2106 2.jpg",3,6,"F",1,5713,514.5,87.7,0.271,2.598,0.385,0.706,108.206,108.815,45.995,3.25643253510824
"239","IMG_2106 2.jpg",3,6,"G",2,5524,452.701,80.8395,0.537,1.338,0.7685,0.8675,95.7875,98.1405,48.555,3.1487017895918
"240","IMG_2106 2.jpg",3,6,"H",3,8887,710.808,74.686,0.614,1.58533333333333,0.641,0.870333333333333,87.9256666666667,92.784,43.271,5.06562505505111
"241","IMG_2107 2.jpg",3,7,"A",1,2744,235.48,63.136,0.622,1.41,0.709,0.864,76.497,84.999,27.919,1.55364907835395
"242","IMG_2107 2.jpg",3,7,"B",2,3700,355.706,69.542,0.6795,2.1185,0.475,0.902,82.877,91.299,34.5115,2.09493498174548
"243","IMG_2107 2.jpg",3,7,"C",1,4036,263.522,60.559,0.73,1.318,0.759,0.913,71.395,81.317,28.796,2.28517772603372
"244","IMG_2107 2.jpg",3,7,"D",2,4841,403.245,63.9175,0.7225,1.624,0.643,0.9205,77.131,84.7855,29.7885,2.74096763422429
"245","IMG_2107 2.jpg",3,7,"E",2,4595,368.132,73.847,0.768,1.65,0.609,0.935,91.1585,93.994,36.35,2.6016827678704
"246","IMG_2107 2.jpg",3,7,"F",1,5401,337.99,56.829,0.594,1.569,0.637,0.905,67.373,78.133,24.903,3.05803887470469
"247","IMG_2107 2.jpg",3,7,"G",1,5021,334.09,61.611,0.565,1.863,0.537,0.846,75.938,82.809,26.193,2.84288339009299
"248","IMG_2107 2.jpg",3,7,"H",1,1515,178.794,68.801,0.596,1.737,0.576,0.85,82.724,83.921,39.611,0.857790945228218
"249","IMG_2107 2.jpg",3,8,"A",2,7368,485.044,67.6675,0.788,1.397,0.7205,0.9505,82.389,89.5345,31.18,4.17175160689209
"250","IMG_2107 2.jpg",3,8,"B",2,6642,497.002,69.1655,0.6975,1.592,0.6485,0.9175,83.946,90.649,32.9925,3.760691391555
"251","IMG_2107 2.jpg",3,8,"C",2,10918,639.252,65.511,0.673,1.733,0.5775,0.9145,78.6185,88.8535,29.021,6.18175679208032
"252","IMG_2107 2.jpg",3,8,"D",1,15914,767.394,67.317,0.34,1.747,0.572,0.739,82.167,89.605,30.148,9.01048521608043
"253","IMG_2107 2.jpg",3,8,"E",0,0,0,NA,NA,NA,NA,NA,NA,NA,NA,0
"254","IMG_2107 2.jpg",3,8,"F",3,10449,820.548,60.959,0.615,1.929,0.527666666666667,0.858,72.9646666666667,79.807,30.118,5.91620962817799
"255","IMG_2107 2.jpg",3,8,"G",1,8350,510.014,67.87,0.403,1.519,0.658,0.79,82.249,89.884,31.584,4.72775867502021
"256","IMG_2107 2.jpg",3,8,"H",1,5897,361.848,65.845,0.566,1.942,0.515,0.854,81.3,86.393,29.865,3.33887340198733
"257","IMG_2107 2.jpg",3,9,"A",3,11262,730.122,66.313,0.729,1.58,0.635333333333333,0.919333333333333,79.7703333333333,86.4733333333333,32.6843333333333,6.37652912551828
"258","IMG_2107 2.jpg",3,9,"B",3,5283,514.6,77.8273333333333,0.611,1.83966666666667,0.553,0.876333333333334,93.5006666666667,95.123,44.8083333333333,2.99122743474632
"259","IMG_2107 2.jpg",3,9,"C",1,4244,277.664,69.882,0.692,1.703,0.587,0.926,82.24,91.298,35.999,2.40294704392644
"260","IMG_2107 2.jpg",3,9,"D",1,7718,462.902,88.038,0.453,1.799,0.556,0.831,107.946,109.335,46.761,4.36992113219233
"261","IMG_2107 2.jpg",3,9,"E",1,7982,504.014,79.722,0.395,1.908,0.524,0.772,99.639,100.656,38.858,4.51939757413309
"262","IMG_2107 2.jpg",3,9,"F",1,6531,350.534,59.531,0.668,1.576,0.634,0.915,70.548,82.126,25.876,3.69784334210263
"263","IMG_2107 2.jpg",3,9,"G",1,2657,318.777,65.537,0.329,1.141,0.876,0.739,76.93,85.083,34.511,1.50438979635074
"264","IMG_2107 2.jpg",3,9,"H",1,3523,237.522,88.467,0.785,1.417,0.706,0.94,108.642,108.872,47.853,1.99471782180793
"265","IMG_2107 2.jpg",3,10,"A",2,6815,615.553,84.068,0.5285,2.111,0.4915,0.8175,101.204,103.7825,47.228,3.85864375691769
"266","IMG_2107 2.jpg",3,10,"B",2,9570,635.453,63.9665,0.6065,1.739,0.5755,0.864,74.998,84.6905,32.23,5.4185210203525
"267","IMG_2107 2.jpg",3,10,"C",1,3352,228.652,58.182,0.806,1.392,0.719,0.958,71.763,76.565,26.235,1.89789785373266
"268","IMG_2107 2.jpg",3,10,"D",1,1014,143.196,53.157,0.621,1.298,0.77,0.824,63.509,69.916,26.021,0.574125424727005
"269","IMG_2107 2.jpg",3,10,"E",3,6347,508.783,74.2506666666667,0.811666666666667,1.42466666666667,0.703,0.949666666666667,90.133,94.1653333333333,38.4226666666667,3.59366279165907
"270","IMG_2107 2.jpg",3,10,"F",1,6939,448.316,63.411,0.434,2.64,0.379,0.785,73.595,85.2,31.344,3.92885238873835
"271","IMG_2107 2.jpg",3,10,"G",0,0,0,NA,NA,NA,NA,NA,NA,NA,NA,0
"272","IMG_2107 2.jpg",3,10,"H",1,3805,267.078,43.882,0.67,1.886,0.53,0.912,50.186,61.152,20.533,2.15438583933556
"273","IMG_2107 2.jpg",3,11,"A",2,6812,515.772,68.3535,0.609,1.9135,0.5385,0.8595,82.639,88.45,33.934,3.85694516098655
"274","IMG_2107 2.jpg",3,11,"B",1,5405,316.676,78.096,0.677,1.979,0.505,0.923,95.898,101.893,36.741,3.06030366927955
"275","IMG_2107 2.jpg",3,11,"C",1,1886,185.095,85.296,0.692,1.779,0.562,0.941,103.615,107.113,45.066,1.06785064204648
"276","IMG_2107 2.jpg",3,11,"D",1,6793,368.919,60.395,0.627,1.33,0.752,0.878,72.891,81.617,26.653,3.84618738675596
"277","IMG_2107 2.jpg",3,11,"E",2,13778,746.749,71.982,0.5725,1.8265,0.6015,0.865,86.6645,94.5555,34.714,7.8010849131052
"278","IMG_2107 2.jpg",3,11,"F",1,13009,789.578,63.839,0.262,1.633,0.612,0.735,75.727,86.088,29.65,7.36567815608837
"279","IMG_2107 2.jpg",3,11,"G",1,6386,369.848,70.695,0.587,2.029,0.493,0.862,84.006,91.221,36.882,3.61574453876396
"280","IMG_2107 2.jpg",3,11,"H",0,0,0,NA,NA,NA,NA,NA,NA,NA,NA,0
"281","IMG_2107 2.jpg",3,12,"A",0,0,0,NA,NA,NA,NA,NA,NA,NA,NA,0
"282","IMG_2107 2.jpg",3,12,"B",1,6061,365.404,73.511,0.57,1.166,0.858,0.843,91.025,94.383,35.405,3.43172997955659
"283","IMG_2107 2.jpg",3,12,"C",1,10677,564.742,63.047,0.421,1.484,0.674,0.808,73.114,84.636,31.48,6.045302918945
"284","IMG_2107 2.jpg",3,12,"D",1,3975,271.321,54.034,0.679,1.318,0.759,0.897,64.982,73.512,23.434,2.25063960876711
"285","IMG_2107 2.jpg",3,12,"E",7,26512,1756.15,64.06,0.749857142857143,1.65114285714286,0.637571428571429,0.925428571428571,76.2731428571429,85.1685714285714,30.781,15.011058442172
"286","IMG_2107 2.jpg",3,12,"F",1,10061,682.465,80,0.271,1.111,0.9,0.73,97.257,99.603,43.128,5.69652455441657
"287","IMG_2107 2.jpg",3,12,"G",2,10403,586.541,77.8265,0.715,1.2765,0.797,0.9245,96.83,97.4,39.2055,5.8901644905671
"288","IMG_2107 2.jpg",3,12,"H",1,3658,278.149,64.318,0.594,1.968,0.508,0.91,75.834,84.078,32.952,2.07115463870945
"289","IMG_2109 2.jpg",4,1,"A",1,16469,894.465,56.423,0.259,1.344,0.744,0.792,67.654,79.883,21.663,9.17077006535997
"290","IMG_2109 2.jpg",4,1,"B",2,19518,939.401,57.514,0.5475,1.6415,0.6115,0.86,70.3435,81.264,20.9885,10.8686070882079
"291","IMG_2109 2.jpg",4,1,"C",1,21539,1058.857,62.338,0.241,2.074,0.482,0.736,75.642,87.015,24.246,11.9940018481868
"292","IMG_2109 2.jpg",4,1,"D",2,8398,616.239,56.248,0.547,1.622,0.6265,0.851,67.0065,76.4935,25.3055,4.67643008129777
"293","IMG_2109 2.jpg",4,1,"E",1,14084,689.453,58.613,0.372,2.548,0.393,0.794,72.253,82.37,21.222,7.84268174148581
"294","IMG_2109 2.jpg",4,1,"F",1,17124,616.884,56.703,0.565,1.262,0.793,0.86,70.543,81.063,18.464,9.53550711028138
"295","IMG_2109 2.jpg",4,1,"G",2,19002,1078.07,73.789,0.525,1.7405,0.5815,0.82,93.3505,96.9925,30.9995,10.5812722558729
"296","IMG_2109 2.jpg",4,1,"H",3,31777,1653.357,49.3656666666667,0.551,1.97433333333333,0.510333333333333,0.838333333333333,61.7253333333333,72.0726666666667,14.3003333333333,17.6950367579661
"297","IMG_2109 2.jpg",4,2,"A",2,14680,865.702,74.753,0.5745,1.407,0.7195,0.8545,93.003,98.452,32.721,8.17456460984178
"298","IMG_2109 2.jpg",4,2,"B",3,11487,758.465,83.6876666666667,0.742333333333333,1.62966666666667,0.643333333333333,0.953,105.480333333333,108.153333333333,37.4263333333333,6.39654112215617
"299","IMG_2109 2.jpg",4,2,"C",2,20584,1158.338,61.0395,0.437,2.081,0.4815,0.7785,74.738,85.8865,22.428,11.4622096681869
"300","IMG_2109 2.jpg",4,2,"D",1,13090,727.838,61.245,0.311,2.647,0.378,0.685,74.34,86.667,22.769,7.28917239392568
"301","IMG_2109 2.jpg",4,2,"E",2,11579,710.909,62.3405,0.5595,2.49,0.4065,0.8565,76.4395,87.202,23.406,6.44777136358025
"302","IMG_2109 2.jpg",4,2,"F",2,13600,780.85,74.449,0.5615,2.048,0.4905,0.865,93.689,99.8085,29.874,7.57316612355914
"303","IMG_2109 2.jpg",4,2,"G",2,16377,920.732,64.86,0.5,1.981,0.507,0.816,81.8155,90.094,22.647,9.11953982393589
"304","IMG_2109 2.jpg",4,2,"H",2,5449,420.86,57.962,0.7435,1.388,0.7375,0.924,71.9945,79.655,22.108,3.03427810347601
"305","IMG_2109 2.jpg",4,3,"A",3,18883,1099.929,60.9486666666667,0.583666666666667,2.335,0.499666666666667,0.880333333333333,74.509,84.12,24.1626666666667,10.5150070522917
"306","IMG_2109 2.jpg",4,3,"B",2,25535,1253.023,69.4915,0.538,1.5065,0.6635,0.8385,86.822,96.0935,25.4975,14.2191762474326
"307","IMG_2109 2.jpg",4,3,"C",1,9196,449.872,64.252,0.571,1.398,0.715,0.861,79.812,89.747,23.274,5.12079674060661
"308","IMG_2109 2.jpg",4,3,"D",1,9726,550.156,65.486,0.404,1.821,0.549,0.794,80.4,91.259,24.714,5.41592747924531
"309","IMG_2109 2.jpg",4,3,"E",2,11650,625.37,63.8135,0.7335,1.439,0.6965,0.9305,77.784,89.5445,24.1505,6.48730774554883
"310","IMG_2109 2.jpg",4,3,"F",1,15143,728.423,58.167,0.359,1.432,0.698,0.79,70.558,84.465,19.529,8.43238636831295
"311","IMG_2109 2.jpg",4,3,"G",2,25536,1106.941,64.175,0.5605,1.6655,0.602,0.8625,80.469,89.0095,23.069,14.2197330978828
"312","IMG_2109 2.jpg",4,3,"H",2,17870,959.259,54.3705,0.594,1.6695,0.647,0.8625,67.2505,78.6955,17.103,9.95091754617661
"313","IMG_2109 2.jpg",4,4,"A",3,24926,1382.563,58.125,0.546666666666667,1.83533333333333,0.546333333333333,0.859,70.8223333333333,80.8503333333333,22.7103333333333,13.8800543232232
"314","IMG_2109 2.jpg",4,4,"B",1,13774,766.181,75.359,0.295,1.193,0.838,0.694,92.788,100.798,32.502,7.67005810190468
"315","IMG_2109 2.jpg",4,4,"C",3,20543,1203.266,72.0043333333333,0.618333333333333,1.68433333333333,0.598333333333333,0.871333333333333,92.5976666666667,97.8506666666667,25.5706666666667,11.4393787997261
"316","IMG_2109 2.jpg",4,4,"D",1,3389,241.622,71.796,0.729,1.788,0.559,0.929,92.453,94.761,28.11,1.88716617593691
"317","IMG_2109 2.jpg",4,4,"E",1,11399,658.34,62.548,0.331,1.823,0.549,0.768,77.252,86.89,23.413,6.34753828253314
"318","IMG_2109 2.jpg",4,4,"F",1,12629,704.867,71.877,0.319,1.408,0.71,0.773,88.389,98.005,29.184,7.03246433635503
"319","IMG_2109 2.jpg",4,4,"G",3,15076,916.389,89.2933333333333,0.682666666666667,1.30466666666667,0.776333333333333,0.905,111.463,113.341666666667,43.0906666666667,8.39507738814542
"320","IMG_2109 2.jpg",4,4,"H",1,14742,714.122,70.318,0.363,1.433,0.698,0.776,90.875,96.315,23.807,8.20908933775801
"321","IMG_2109 2.jpg",4,5,"A",1,15884,807.619,62.514,0.306,1.75,0.572,0.767,78.124,86.544,22.804,8.84501255195687
"322","IMG_2109 2.jpg",4,5,"B",1,15375,847.803,61.815,0.269,1.507,0.663,0.757,76.245,86.441,22.736,8.56157567277367
"323","IMG_2109 2.jpg",4,5,"C",3,16749,1024.774,73.1506666666667,0.663333333333333,1.74033333333333,0.586,0.883,92.9526666666667,99.1996666666667,27.2603333333333,9.32668819143324
"324","IMG_2109 2.jpg",4,5,"D",1,20869,1035.627,55.643,0.245,1.598,0.626,0.618,69.059,79.617,18.206,11.6209120465115
"325","IMG_2109 2.jpg",4,5,"E",2,16155,990.631,91.3935,0.53,1.7865,0.569,0.816,116.309,115.543,42.2485,8.99591902397779
"326","IMG_2109 2.jpg",4,5,"F",1,10860,492.115,65.368,0.564,1.682,0.595,0.854,81.921,88.953,25.188,6.04739588984208
"327","IMG_2109 2.jpg",4,5,"G",3,17836,1068.957,86.294,0.646,1.44533333333333,0.717666666666667,0.868333333333333,109.506666666667,110.586,38.7453333333333,9.93198463086771
"328","IMG_2109 2.jpg",4,5,"H",1,21313,943.134,62.672,0.301,1.401,0.714,0.731,79.236,88.955,19.803,11.8681536464277
"329","IMG_2109 2.jpg",4,6,"A",2,13220,786.021,62.489,0.5345,1.92,0.528,0.85,75.021,84.7535,27.76,7.3615629524597
"330","IMG_2109 2.jpg",4,6,"B",2,18281,939.076,71.13,0.5335,1.6055,0.658,0.8555,86.967,98.145,28.39,10.1797830812342
"331","IMG_2109 2.jpg",4,6,"C",1,5708,497.813,68.576,0.289,2.656,0.377,0.631,83.797,93.81,28.07,3.17850237009379
"332","IMG_2109 2.jpg",4,6,"D",1,16522,734.607,69.959,0.385,1.843,0.543,0.755,86.996,96.16,26.726,9.20028313922384
"333","IMG_2109 2.jpg",4,6,"E",2,10166,600.826,73.562,0.669,1.4365,0.7015,0.893,94.028,97.2065,29.4,5.66094167736046
"334","IMG_2109 2.jpg",4,6,"F",1,9831,522.357,70.196,0.453,1.291,0.775,0.868,86.438,96.311,27.924,5.47439677652279
"335","IMG_2109 2.jpg",4,6,"G",1,12405,655.311,63.48,0.363,1.879,0.532,0.757,78.662,88.325,23.433,6.90772983549641
"336","IMG_2109 2.jpg",4,6,"H",2,14696,852.59,66.9855,0.58,1.542,0.687,0.8195,86.124,88.7595,25.989,8.18347421704597
"337","IMG_2110 2.jpg",4,7,"A",2,36414,1714.996,71.2165,0.5405,1.201,0.839,0.823,85.593,96.2,31.7895,20.198937702181
"338","IMG_2110 2.jpg",4,7,"B",4,50393,2273.513,74.73625,0.53175,2.18575,0.6385,0.87725,90.79475,99.3925,34.092,27.9531242825837
"339","IMG_2110 2.jpg",4,7,"C",5,47921,2228.141,79.9072,0.5546,1.7466,0.581,0.859,95.6962,105.8666,38.1448,26.5818996437143
"340","IMG_2110 2.jpg",4,7,"D",2,33854,1382.645,73.8985,0.4795,1.382,0.725,0.8555,89.275,101.5105,30.9785,18.7788992412158
"341","IMG_2110 2.jpg",4,7,"E",4,27567,1636.878,95.414,0.546,1.981,0.56425,0.8805,112.28625,118.28825,55.702,15.2914844739941
"342","IMG_2110 2.jpg",4,7,"F",2,30379,1451.734,87.2495,0.491,1.462,0.689,0.7965,104.436,113.5085,43.9885,16.8513079709605
"343","IMG_2110 2.jpg",4,7,"G",2,18115,725.578,100.5835,0.529,1.7185,0.5855,0.8555,117.692,122.5345,61.6145,10.0484362188995
"344","IMG_2110 2.jpg",4,7,"H",0,0,0,NA,NA,NA,NA,NA,NA,NA,NA,0
"345","IMG_2110 2.jpg",4,8,"A",1,16613,656.222,91.053,0.485,1.217,0.822,0.838,106.838,117.793,48.591,9.21527302813017
"346","IMG_2110 2.jpg",4,8,"B",2,33837,1259.207,75.683,0.5465,1.78,0.5965,0.882,91.747,104.6435,30.771,18.769469298311
"347","IMG_2110 2.jpg",4,8,"C",3,25672,1112.597,77.059,0.780666666666667,1.36766666666667,0.737,0.948666666666667,92.487,104.833333333333,33.9096666666667,14.2403231913657
"348","IMG_2110 2.jpg",4,8,"D",1,49850,1805.322,74.485,0.192,1.172,0.853,0.745,90.959,101.081,31.421,27.6519208121525
"349","IMG_2110 2.jpg",4,8,"E",1,20425,761.075,92.959,0.443,1.401,0.714,0.862,110.59,120.17,48.143,11.329799048911
"350","IMG_2110 2.jpg",4,8,"F",2,28328,1045.727,74.776,0.6345,1.4665,0.683,0.9,90.1555,101.732,32.4435,15.713613094617
"351","IMG_2110 2.jpg",4,8,"G",1,27618,940.715,77.931,0.392,1.425,0.702,0.792,94.242,105.936,33.735,15.3197743027087
"352","IMG_2110 2.jpg",4,8,"H",2,37691,1585.918,65.946,0.508,2.2705,0.4705,0.808,80.6945,93.1985,23.938,20.9072928250921
"353","IMG_2110 2.jpg",4,9,"A",2,5913,425.889,55.074,0.634,2.0915,0.5075,0.912,65.5135,73.1895,26.527,3.2799560233151
"354","IMG_2110 2.jpg",4,9,"B",2,3118,391.529,100.3405,0.525,1.222,0.8215,0.85,117.7415,121.723,61.508,1.72956246925359
"355","IMG_2110 2.jpg",4,9,"C",5,14854,1169.835,99.4266,0.5808,1.8302,0.6558,0.8868,115.802,123.1858,59.189,8.23955128874048
"356","IMG_2110 2.jpg",4,9,"D",1,13213,662.423,67.829,0.378,1.922,0.52,0.713,81.363,94.347,27.773,7.3292844471609
"357","IMG_2110 2.jpg",4,9,"E",4,10284,915.159,104.38025,0.4955,2.14825,0.52675,0.7055,123.073,125.97275,64.0695,5.70456075490825
"358","IMG_2110 2.jpg",4,9,"F",2,10486,594.056,68.3485,0.7595,1.428,0.7005,0.929,82.679,93.564,28.732,5.81661066471877
"359","IMG_2110 2.jpg",4,9,"G",2,10695,642.625,70.4415,0.6755,1.749,0.601,0.892,85.3445,94.292,31.6955,5.932543492196
"360","IMG_2110 2.jpg",4,9,"H",1,6000,380.96,83.972,0.52,2.683,0.373,0.887,101.628,106.265,44.071,3.32821514288696
"361","IMG_2110 2.jpg",4,10,"A",3,15435,892.815,89.198,0.67,1.58366666666667,0.632,0.916666666666667,108.279666666667,107.611,51.699,8.5618334550767
"362","IMG_2110 2.jpg",4,10,"B",1,1719,224.049,109.558,0.43,2.768,0.361,0.841,126.615,129.561,72.555,0.953533638437114
"363","IMG_2110 2.jpg",4,10,"C",2,5980,459.688,95.306,0.657,1.8135,0.614,0.905,110.717,117.7045,57.521,3.31712109241067
"364","IMG_2110 2.jpg",4,10,"D",0,0,0,NA,NA,NA,NA,NA,NA,NA,NA,0
"365","IMG_2110 2.jpg",4,10,"E",2,21381,953.46,75.3325,0.5895,2.125,0.487,0.9115,89.3505,102.7645,33.8835,11.8600946616777
"366","IMG_2110 2.jpg",4,10,"F",1,2359,209.38,61.712,0.676,1.715,0.583,0.895,77.422,82.754,24.983,1.30854325367839
"367","IMG_2110 2.jpg",4,10,"G",3,9584,682.482,75.73,0.644333333333333,2.25066666666667,0.476666666666667,0.906,90.6683333333333,96.9316666666667,39.6506666666667,5.3162689882381
"368","IMG_2110 2.jpg",4,10,"H",1,10276,527.085,82.436,0.465,2.729,0.366,0.879,98.168,108.83,40.412,5.70012313471773
"369","IMG_2110 2.jpg",4,11,"A",2,14637,700.081,74.04,0.71,1.8375,0.547,0.9455,88.7595,100.1005,33.1755,8.11918084107274
"370","IMG_2110 2.jpg",4,11,"B",1,10825,790.288,72.839,0.218,1.887,0.53,0.761,87.701,92.659,38.178,6.00465482029189
"371","IMG_2110 2.jpg",4,11,"C",1,10553,590.642,79.48,0.38,2.092,0.478,0.765,95.794,106.102,36.566,5.85377573381435
"372","IMG_2110 2.jpg",4,11,"D",2,8860,563.955,91.1705,0.6725,1.5545,0.7095,0.922,109.334,115.4595,48.7975,4.91466436099641
"373","IMG_2110 2.jpg",4,11,"E",4,18394,1068.656,61.82725,0.79,1.259,0.82,0.94925,74.7265,84.92175,25.75975,10.2031982230438
"374","IMG_2110 2.jpg",4,11,"F",3,23496,1102.213,74.3286666666667,0.640666666666667,1.888,0.530333333333333,0.901666666666667,90.761,100.379666666667,31.864,13.0332904995453
"375","IMG_2110 2.jpg",4,11,"G",1,7394,528.215,100.108,0.333,3.344,0.299,0.711,116.471,125.026,58.877,4.10147046108436
"376","IMG_2110 2.jpg",4,11,"H",1,26189,1082.011,63.51,0.281,1.343,0.745,0.752,76.407,89.598,24.43,14.5271043961778
"377","IMG_2110 2.jpg",4,12,"A",2,7245,480.357,72.015,0.787,1.665,0.625,0.9505,89.7265,94.952,31.4225,4.018819785036
"378","IMG_2110 2.jpg",4,12,"B",2,18215,802.506,73.8805,0.608,2.1905,0.4655,0.9105,88.379,99.002,34.1395,10.103906471281
"379","IMG_2110 2.jpg",4,12,"C",2,14203,703.879,83.666,0.6265,1.8335,0.546,0.9015,98.707,109.367,43.023,7.87843994573725
"380","IMG_2110 2.jpg",4,12,"D",3,12065,869.01,66.956,0.632,2.41433333333333,0.524,0.942333333333333,79.4023333333333,91.6246666666667,29.7336666666667,6.69248594982186
"381","IMG_2110 2.jpg",4,12,"E",1,2495,260.409,72.608,0.462,3.635,0.275,0.911,84.177,92.639,40.928,1.38398279691716
"382","IMG_2110 2.jpg",4,12,"F",2,23967,1018.756,76.348,0.5725,1.6385,0.6265,0.873,91.547,103.23,34.254,13.294555388262
"383","IMG_2110 2.jpg",4,12,"G",1,8529,413.144,75.203,0.628,1.773,0.564,0.893,92.098,102.38,31.336,4.73105782561381
"384","IMG_2110 2.jpg",4,12,"H",1,10894,468.943,61.652,0.623,2.209,0.453,0.907,75.623,85.234,24.113,6.04292929443509
"385","IMG_2112 2.jpg",5,1,"A",3,5753,592.34,79.104,0.54,2.054,0.504666666666667,0.875,91.1853333333333,96.92,49.1233333333333,2.97254012224825
"386","IMG_2112 2.jpg",5,1,"B",2,33640,1210.656,73.8725,0.5765,1.9775,0.5065,0.879,85.743,98.993,36.75,17.381583471655
"387","IMG_2112 2.jpg",5,1,"C",2,26731,1043.544,80.302,0.616,1.8145,0.555,0.9015,93.767,106.319,40.7965,13.8117451777886
"388","IMG_2112 2.jpg",5,1,"D",2,30597,1125.284,80.6595,0.6055,2.149,0.4715,0.879,94.5185,106.403,41.0085,15.8092838728367
"389","IMG_2112 2.jpg",5,1,"E",1,29347,1015.058,78.579,0.358,1.24,0.806,0.8,92.615,104.668,38.508,15.1634164727306
"390","IMG_2112 2.jpg",5,1,"F",1,13520,735.311,84.187,0.314,1.377,0.726,0.713,99.147,109.432,43.997,6.98570179954742
"391","IMG_2112 2.jpg",5,1,"G",2,16564,822.021,82.039,0.59,2.0645,0.49,0.873,95.6585,106.0225,44.3225,8.55851809228576
"392","IMG_2112 2.jpg",5,1,"H",1,17562,752.867,74.772,0.389,2.261,0.442,0.771,88.286,98.559,37.389,9.07417862453046
"393","IMG_2112 2.jpg",5,2,"A",2,32464,1351.894,77.205,0.501,1.9195,0.5255,0.8435,90.608,103.6935,37.284,16.7739514216352
"394","IMG_2112 2.jpg",5,2,"B",3,45314,1890.116,102.284666666667,0.444,1.72066666666667,0.665,0.847333333333333,123.129,127.857333333333,55.88,23.4134682947257
"395","IMG_2112 2.jpg",5,2,"C",1,51703,1261.693,76.925,0.408,1.846,0.542,0.837,90.068,103.12,37.59,26.714625750148
"396","IMG_2112 2.jpg",5,2,"D",1,14960,593.813,77.496,0.533,2.464,0.406,0.889,90.548,103.746,38.114,7.72974104446963
"397","IMG_2112 2.jpg",5,2,"E",1,39088,1361.048,84.155,0.265,1.453,0.688,0.753,98.73,110.108,43.524,20.1965319482773
"398","IMG_2112 2.jpg",5,2,"F",1,12254,489.588,74.192,0.642,1.514,0.66,0.879,87.204,100.726,34.674,6.33156729671998
"399","IMG_2112 2.jpg",5,2,"G",1,21277,829.436,73.716,0.389,2.229,0.449,0.773,85.795,99.361,35.931,10.9936965376457
"400","IMG_2112 2.jpg",5,2,"H",1,24824,970.33,75.247,0.331,1.244,0.804,0.778,88.678,100.444,36.563,12.8264098721868
"401","IMG_2112 2.jpg",5,3,"A",1,15346,551.671,81.099,0.634,1.564,0.639,0.879,95.373,109.536,38.512,7.92918489762239
"402","IMG_2112 2.jpg",5,3,"B",1,38773,1436.119,78.125,0.236,1.093,0.915,0.762,91.814,105.248,37.287,20.0337733634506
"403","IMG_2112 2.jpg",5,3,"C",1,9228,410.96,102.195,0.687,1.917,0.522,0.946,118.844,128.011,59.83,4.76805149454317
"404","IMG_2112 2.jpg",5,3,"D",1,961,223.078,98.802,0.243,4.845,0.206,0.716,111.241,115.663,69.291,0.496542857201558
"405","IMG_2112 2.jpg",5,3,"E",2,17454,795.821,118.985,0.6545,1.5715,0.671,0.91,141.3575,144.1,71.471,9.01837568116129
"406","IMG_2112 2.jpg",5,3,"F",2,27167,1104.739,80.6025,0.553,1.438,0.698,0.853,94.925,107.0605,39.772,14.0370237269456
"407","IMG_2112 2.jpg",5,3,"G",2,16115,844.105,93.7575,0.5685,2.124,0.4805,0.8775,109.3255,119.664,52.159,8.32652252216765
"408","IMG_2112 2.jpg",5,3,"H",1,16630,660.566,82.81,0.479,1.173,0.852,0.841,98.718,108.755,40.946,8.59261989101136
"409","IMG_2112 2.jpg",5,4,"A",1,25641,1257.308,72.236,0.204,1.378,0.726,0.72,86.817,97.074,32.847,13.2485488048961
"410","IMG_2112 2.jpg",5,4,"B",2,15207,756.892,76.8535,0.6675,1.949,0.514,0.928,92.985,102.5625,35.035,7.85736444273059
"411","IMG_2112 2.jpg",5,4,"C",2,26862,1196.58,72.0985,0.5165,2.084,0.4815,0.818,84.4075,97.0105,34.849,13.8794320813197
"412","IMG_2112 2.jpg",5,4,"D",3,30186,1531.055,68.9286666666667,0.544666666666667,1.808,0.561333333333333,0.831,81.9046666666667,93.5886666666667,31.3516666666667,15.5969226716818
"413","IMG_2112 2.jpg",5,4,"E",1,14401,722.222,74.747,0.347,1.889,0.529,0.751,89.404,100.218,34.692,7.44090914314219
"414","IMG_2112 2.jpg",5,4,"F",3,17646,932.005,88.5756666666667,0.729666666666667,1.561,0.646666666666667,0.935,106.751333333333,113.814666666667,45.2206666666667,9.11758091381759
"415","IMG_2112 2.jpg",5,4,"G",3,20289,1057.727,71.6353333333333,0.677666666666667,1.8,0.558333333333333,0.933333333333333,86.5726666666666,95.0983333333333,33.2086666666667,10.4832029446019
"416","IMG_2112 2.jpg",5,4,"H",1,17036,722.566,82.024,0.41,2.024,0.494,0.81,101.075,106.271,38.643,8.80239762256582
"417","IMG_2112 2.jpg",5,5,"A",1,12988,640.583,66.464,0.398,1.353,0.739,0.855,79.492,90.391,29.552,6.71082063406227
"418","IMG_2112 2.jpg",5,5,"B",1,18892,896.732,76.867,0.295,2.217,0.451,0.747,93.37,101.606,35.571,9.76138153824333
"419","IMG_2112 2.jpg",5,5,"C",1,39890,938.774,79.374,0.569,1.028,0.973,0.896,90.399,101.39,46.23,20.6109204721854
"420","IMG_2112 2.jpg",5,5,"D",2,14621,829.092,71.8,0.4975,2.7195,0.373,0.832,88.323,96.628,30.4865,7.55458180556086
"421","IMG_2112 2.jpg",5,5,"E",1,21928,957.543,71.381,0.301,1.451,0.689,0.818,82.984,96.55,34.476,11.330064279621
"422","IMG_2112 2.jpg",5,5,"F",2,21026,1035.141,78.3035,0.5065,1.759,0.5955,0.8325,93.989,104.1195,36.787,10.8640063637044
"423","IMG_2112 2.jpg",5,5,"G",1,29175,1323.065,65.866,0.209,1.871,0.535,0.727,78.948,91.093,27.498,15.074545118476
"424","IMG_2112 2.jpg",5,5,"H",1,17095,781.477,68.166,0.352,2.223,0.45,0.73,81.507,93.175,29.766,8.83288256385083
"425","IMG_2112 2.jpg",5,6,"A",3,25599,1350.462,74.8973333333333,0.539333333333333,2.27733333333333,0.472666666666667,0.873666666666667,91.3536666666667,99.8576666666667,33.502,13.2268476602525
"426","IMG_2112 2.jpg",5,6,"B",1,19422,727.453,70.786,0.461,1.626,0.615,0.827,82.022,96.248,34.006,10.0352293158883
"427","IMG_2112 2.jpg",5,6,"C",2,9814,603.713,68.812,0.606,1.4705,0.6845,0.9015,81.5495,91.372,33.565,5.0708341317129
"428","IMG_2112 2.jpg",5,6,"D",2,34570,1657.908,71.7655,0.476,1.5065,0.6735,0.811,85.135,96.8685,33.1825,17.8621088173339
"429","IMG_2112 2.jpg",5,6,"E",2,13527,781.134,72.2595,0.558,1.6625,0.6315,0.864,87.869,95.921,32.8995,6.98931865698802
"430","IMG_2112 2.jpg",5,6,"F",3,11613,832.992,76.0993333333333,0.617666666666667,2.24433333333333,0.466,0.916,90.6096666666667,100.400666666667,37.3426666666667,6.00036649394558
"431","IMG_2112 2.jpg",5,6,"G",1,14587,679.352,62.784,0.397,1.422,0.703,0.823,74.037,86.528,27.751,7.53701421227797
"432","IMG_2112 2.jpg",5,6,"H",4,32162,1716.853,73.51475,0.6255,1.76925,0.60325,0.87975,89.22225,96.2495,35.0215,16.6179098577695
"433","IMG_2113 2.jpg",5,7,"A",1,23935,994.732,65.747,0.304,1.721,0.581,0.713,76.469,90.676,30.075,12.5669644834981
"434","IMG_2113 2.jpg",5,7,"B",2,21283,910.146,72.943,0.6275,1.6585,0.6045,0.911,88.459,97.095,33.2445,11.1745437686355
"435","IMG_2113 2.jpg",5,7,"C",2,11007,612.34,81.465,0.7395,1.684,0.597,0.945,97.9895,105.7455,40.729,5.779176021302
"436","IMG_2113 2.jpg",5,7,"D",1,3036,221.38,80.185,0.778,1.468,0.681,0.957,95.594,105.332,39.714,1.59403819393775
"437","IMG_2113 2.jpg",5,7,"E",1,17304,875.377,82.913,0.284,1.759,0.569,0.753,101.466,107.389,39.867,9.08538765082309
"438","IMG_2113 2.jpg",5,7,"F",4,23832,1456.587,74.7095,0.619,1.95875,0.559,0.867,91.47075,101.30625,31.355,12.5128847951003
"439","IMG_2113 2.jpg",5,7,"G",2,24658,1144.58,61.6885,0.485,2.1145,0.4735,0.84,75.207,86.449,23.403,12.9465723933192
"440","IMG_2113 2.jpg",5,7,"H",2,30664,1517.741,75.8195,0.3735,2.0635,0.5925,0.8035,94.424,101.1085,31.9245,16.0999957769787
"441","IMG_2113 2.jpg",5,8,"A",1,28743,1242.823,60.392,0.234,1.845,0.542,0.791,69.983,85.615,25.634,15.0913833360846
"442","IMG_2113 2.jpg",5,8,"B",3,28115,1269.467,74.4566666666667,0.628,2.00433333333333,0.501666666666667,0.913333333333333,88.7613333333333,101.524,33.1263333333333,14.7616547505138
"443","IMG_2113 2.jpg",5,8,"C",1,9404,577.754,84.022,0.354,1.31,0.763,0.765,99.897,110.912,41.374,4.93752805526701
"444","IMG_2113 2.jpg",5,8,"D",3,29475,1233.852,74.5426666666667,0.708666666666667,1.73533333333333,0.587666666666667,0.931,88.1613333333333,101.009333333333,34.3486666666667,15.4757166555716
"445","IMG_2113 2.jpg",5,8,"E",1,24680,991.401,74.007,0.316,1.344,0.744,0.802,88.101,101.181,32.756,12.9581233947246
"446","IMG_2113 2.jpg",5,8,"F",2,18840,810.749,81.3435,0.715,1.592,0.6465,0.9275,99.053,108.5305,36.4665,9.89185756712361
"447","IMG_2113 2.jpg",5,8,"G",2,29286,1439.775,77.192,0.4325,2.2575,0.478,0.8075,92.879,103.289,35.417,15.3764830525893
"448","IMG_2113 2.jpg",5,8,"H",2,25574,1008.514,67.5105,0.6205,1.851,0.545,0.885,81.506,93.539,27.405,13.4275140881964
"449","IMG_2113 2.jpg",5,9,"A",1,21161,1117.869,55.58,0.213,1.54,0.649,0.766,63.443,78.508,24.793,11.1104882153876
"450","IMG_2113 2.jpg",5,9,"B",2,32696,1156.496,71.8485,0.6095,1.7195,0.5825,0.892,86.0905,99.469,29.935,17.1668882704179
"451","IMG_2113 2.jpg",5,9,"C",2,11387,614.239,76.3925,0.722,1.5145,0.68,0.93,91.479,103.1375,34.605,5.97869331830343
"452","IMG_2113 2.jpg",5,9,"D",3,23778,1130.697,69.5683333333333,0.701333333333333,1.87433333333333,0.535666666666667,0.92,82.1593333333333,96.0976666666667,30.38,12.4845323371054
"453","IMG_2113 2.jpg",5,9,"E",1,17002,757.578,68.072,0.372,1.226,0.815,0.803,79.462,94.008,30.599,8.9268239042588
"454","IMG_2113 2.jpg",5,9,"F",1,16285,760.122,75.489,0.354,1.499,0.667,0.732,92.086,102.709,31.655,8.5503662675482
"455","IMG_2113 2.jpg",5,9,"G",2,37091,1477.859,72.4435,0.4555,1.906,0.5725,0.821,87.2375,98.4595,31.5465,19.474463323895
"456","IMG_2113 2.jpg",5,9,"H",2,24514,1097.099,68.994,0.5865,1.469,0.722,0.851,83.517,94.9925,28.524,12.870965838666
"457","IMG_2113 2.jpg",5,10,"A",2,16352,850.347,72.998,0.5355,2.221,0.4515,0.874,87.634,97.5325,33.8945,8.58554431728266
"458","IMG_2113 2.jpg",5,10,"B",3,19342,1047.183,87.497,0.656333333333333,1.84966666666667,0.550333333333333,0.907333333333333,104.411333333333,112.765333333333,45.244,10.1554304173729
"459","IMG_2113 2.jpg",5,10,"C",1,23416,1047.484,67.694,0.268,1.998,0.5,0.755,80.104,94.224,28.668,12.2944658594356
"460","IMG_2113 2.jpg",5,10,"D",1,18939,808.891,63.727,0.364,1.254,0.798,0.786,74.378,89.968,26.782,9.94383707344767
"461","IMG_2113 2.jpg",5,10,"E",2,30689,1275.367,73.771,0.489,1.972,0.52,0.8275,88.209,99.291,33.769,16.1131219149393
"462","IMG_2113 2.jpg",5,10,"F",4,23997,1381.875,87.1375,0.6355,1.712,0.6115,0.87875,104.649,111.83525,44.95875,12.5995173056404
"463","IMG_2113 2.jpg",5,10,"G",1,37224,1438.06,63.546,0.226,1.233,0.811,0.625,76.685,90.307,23.649,19.5442943778455
"464","IMG_2113 2.jpg",5,10,"H",2,42528,1735.984,72.226,0.3555,2.1755,0.463,0.7345,89.6535,97.282,29.6615,22.3291358075708
"465","IMG_2113 2.jpg",5,11,"A",1,28722,1194.497,72.649,0.253,1.05,0.952,0.791,86.733,97.297,33.854,15.0803573801977
"466","IMG_2113 2.jpg",5,11,"B",1,8176,535.973,74.624,0.358,2.191,0.456,0.692,89.537,99.929,34.476,4.29277215864133
"467","IMG_2113 2.jpg",5,11,"C",3,30503,1448.747,72.1063333333333,0.611666666666667,1.69433333333333,0.618666666666667,0.867666666666667,86.413,98.45,31.4233333333333,16.0154634485123
"468","IMG_2113 2.jpg",5,11,"D",2,26186,1079.484,71.565,0.548,1.791,0.6175,0.8575,85.278,97.319,32.0635,13.7488419454723
"469","IMG_2113 2.jpg",5,11,"E",1,17172,749.134,66.254,0.385,1.458,0.686,0.8,78.68,92.519,27.396,9.01608164239101
"470","IMG_2113 2.jpg",5,11,"F",2,18381,1064.773,75.443,0.336,4.536,0.289,0.8465,90.433,98.2635,37.551,9.65086167416662
"471","IMG_2113 2.jpg",5,11,"G",1,45078,1006.288,73.409,0.559,1.228,0.814,0.904,84.678,95.582,39.855,23.668001879554
"472","IMG_2113 2.jpg",5,11,"H",2,39838,1745.606,62.2665,0.407,1.882,0.575,0.82,74.9535,87.2045,24.59,20.916763363008
"473","IMG_2113 2.jpg",5,12,"A",1,17048,680.825,80.463,0.462,1.067,0.937,0.839,95.332,106.465,39.652,8.95097599810634
"474","IMG_2113 2.jpg",5,12,"B",0,0,0,NA,NA,NA,NA,NA,NA,NA,NA,0
"475","IMG_2113 2.jpg",5,12,"C",1,35372,1220.337,70.141,0.298,1.175,0.851,0.787,82.868,95.904,31.494,18.5719100777227
"476","IMG_2113 2.jpg",5,12,"D",3,10212,653.211,69.6243333333333,0.675333333333333,2.14233333333333,0.553,0.925,82.037,90.1733333333333,36.707,5.36176483415426
"477","IMG_2113 2.jpg",5,12,"E",2,35942,1571.658,66.496,0.498,1.7295,0.582,0.81,78.251,91.452,29.786,18.8711860232249
"478","IMG_2113 2.jpg",5,12,"F",3,35654,1503.499,70.7656666666667,0.583666666666667,1.952,0.517333333333333,0.885,84.8266666666667,95.5186666666667,31.8356666666667,18.7199729139185
"479","IMG_2113 2.jpg",5,12,"G",2,24387,978.773,67.1395,0.639,2.074,0.4825,0.9035,80.67,92.681,28.0165,12.8042850578261
"480","IMG_2113 2.jpg",5,12,"H",2,24136,991.785,66.752,0.6165,2.1295,0.4705,0.9095,80.456,92.156,27.6065,12.6724986327015
"481","IMG_2115.jpg",6,1,"A",2,17961,855.703,61.1735,0.6605,1.428,0.701,0.9285,72.3365,84.732,26.341,6.83018253169348
"482","IMG_2115.jpg",6,1,"B",4,29812,1391.231,87.86575,0.6845,1.533,0.711,0.9315,105.88875,112.09975,45.59525,11.3368632946298
"483","IMG_2115.jpg",6,1,"C",2,35532,1195.852,67.348,0.624,2.208,0.4585,0.926,81.3405,93.6715,27.0425,13.5120564398493
"484","IMG_2115.jpg",6,1,"D",3,36167,1301.935,73.6163333333333,0.699666666666667,1.63566666666667,0.642666666666667,0.918,88.283,98.202,34.362,13.7535333012504
"485","IMG_2115.jpg",6,1,"E",1,1692,274.149,76.363,0.283,5.618,0.178,0.719,89.151,91.779,47.998,0.643431259040441
"486","IMG_2115.jpg",6,1,"F",2,47284,1493.274,59.6785,0.5695,1.845,0.569,0.8765,73.9155,84.56,20.7,17.9810896291183
"487","IMG_2115.jpg",6,1,"G",1,14872,768.607,65.041,0.316,2.08,0.481,0.712,82.004,85.78,27.367,5.65550217757059
"488","IMG_2115.jpg",6,1,"H",2,28156,1013.828,54.6875,0.6885,1.8375,0.546,0.9245,67.846,80.0705,16.0675,10.7071220623775
"489","IMG_2115.jpg",6,2,"A",1,20279,647.026,69.792,0.609,1.5,0.667,0.871,84.446,97.814,27.182,7.711668145438
"490","IMG_2115.jpg",6,2,"B",1,18759,908.573,76.845,0.286,1.565,0.639,0.732,92.589,101.833,36.066,7.1336447921629
"491","IMG_2115.jpg",6,2,"C",1,6337,460.09,81.886,0.376,4.052,0.247,0.829,96.973,106.646,42.071,2.40982499322652
"492","IMG_2115.jpg",6,2,"D",6,15984,1345.575,89.6603333333333,0.532666666666667,2.27566666666667,0.502833333333333,0.869666666666667,105.133166666667,109.352333333333,54.357,6.07837189391395
"493","IMG_2115.jpg",6,2,"E",2,17743,897.501,78.832,0.549,2.1995,0.4555,0.8775,94.101,104.663,37.793,6.74728181392113
"494","IMG_2115.jpg",6,2,"F",1,12016,610.039,51.843,0.406,2.2,0.454,0.778,64.444,74.565,16.476,4.56942671904843
"495","IMG_2115.jpg",6,2,"G",1,10068,505.227,53.276,0.496,2.62,0.382,0.885,68.253,74.898,16.727,3.82864415840376
"496","IMG_2115.jpg",6,2,"H",2,39424,1436.463,57.586,0.525,1.7975,0.558,0.8575,72.024,81.64,19.1455,14.992100447051
"497","IMG_2115.jpg",6,3,"A",2,17849,1020.372,73.389,0.3585,2.898,0.5325,0.8225,88.81,95.0805,36.318,6.78759133724163
"498","IMG_2115.jpg",6,3,"B",3,26071,1378.463,93.7373333333333,0.464,2.783,0.536666666666667,0.847666666666667,110.229333333333,115.665,55.2596666666667,9.91424134423365
"499","IMG_2115.jpg",6,3,"C",1,2183,262.108,82.88,0.399,3.524,0.284,0.845,97.217,100.121,51.115,0.830148013289174
"500","IMG_2115.jpg",6,3,"D",1,1648,242.35,83.265,0.353,3.374,0.296,0.765,95.104,99.965,54.606,0.626699004077214
"501","IMG_2115.jpg",6,3,"E",3,26771,1130.538,88.625,0.625666666666667,1.67566666666667,0.611666666666667,0.936,103.668666666667,114.485,47.7796666666667,10.1804363095577
"502","IMG_2115.jpg",6,3,"F",2,20226,826.104,71.181,0.7045,1.6895,0.6195,0.9405,89.7105,96.9765,26.791,7.69151338377775
"503","IMG_2115.jpg",6,3,"G",1,12417,552.156,95.114,0.512,1.52,0.658,0.821,114.245,120.207,50.968,4.72191840632692
"504","IMG_2115.jpg",6,3,"H",2,15503,807.377,81.2495,0.596,1.617,0.639,0.916,99.7775,104.9725,38.9035,5.89545792488414
"505","IMG_2115.jpg",6,4,"A",2,26604,956.163,60.7725,0.7015,1.8195,0.5505,0.9555,73.071,87.0475,22.039,10.1169297964018
"506","IMG_2115.jpg",6,4,"B",2,8815,653.352,68.414,0.527,1.7055,0.5865,0.8525,82.367,88.7335,34.1425,3.35215517047369
"507","IMG_2115.jpg",6,4,"C",3,23499,1083.769,84.0353333333333,0.726333333333333,1.485,0.688,0.932,102.714,109.085333333333,40.3616666666667,8.93616498592868
"508","IMG_2115.jpg",6,4,"D",2,29129,1050.195,85.6865,0.6595,1.68,0.615,0.9155,102.894,113.3605,40.6825,11.0771330641779
"509","IMG_2115.jpg",6,4,"E",2,10180,594.44,68.9955,0.6315,2.385,0.422,0.916,82.2615,92.365,32.3515,3.87123535285561
"510","IMG_2115.jpg",6,4,"F",3,25014,1285.131,63.343,0.559333333333333,1.808,0.568666666666667,0.899666666666667,78.6693333333333,85.3206666666667,26.0423333333333,9.51228694659432
"511","IMG_2115.jpg",6,4,"G",2,24133,893.502,62.4965,0.747,1.646,0.608,0.957,75.624,88.9595,22.8765,9.1772615688079
"512","IMG_2115.jpg",6,4,"H",1,19451,797.963,85.372,0.384,1.934,0.517,0.775,102.886,111.072,42.298,7.39679752931183
"513","IMG_2115.jpg",6,5,"A",0,0,0,NA,NA,NA,NA,NA,NA,NA,NA,0
"514","IMG_2115.jpg",6,5,"B",0,0,0,NA,NA,NA,NA,NA,NA,NA,NA,0
"515","IMG_2115.jpg",6,5,"C",1,2256,210.693,113.126,0.639,1.881,0.532,0.943,129.703,134.655,75.247,0.857908345387255
"516","IMG_2115.jpg",6,5,"D",1,4722,315.831,80.755,0.595,1.401,0.714,0.924,96.685,100.316,45.279,1.79567518037173
"517","IMG_2115.jpg",6,5,"E",2,11735,544.157,83.5825,0.7045,1.4845,0.6925,0.922,95.615,106.5395,48.6495,4.46256845439691
"518","IMG_2115.jpg",6,5,"F",5,41283,1930.501,77.9006,0.6678,1.788,0.5848,0.9384,95.3236,102.143,36.2572,15.6990382192474
"519","IMG_2115.jpg",6,5,"G",2,10605,662.549,90.969,0.6085,1.466,0.7155,0.9135,109.0665,114.353,49.6755,4.0328537246595
"520","IMG_2115.jpg",6,5,"H",3,7095,713.478,79.9176666666667,0.502666666666667,1.87133333333333,0.557666666666667,0.853333333333333,96.6096666666667,97.15,45.9546666666667,2.69807611282029
"521","IMG_2116.jpg",6,6,"A",1,29821,1014.146,71.376,0.364,1.767,0.566,0.758,82.955,96.873,34.211,11.6075610926609
"522","IMG_2116.jpg",6,6,"B",1,4691,298.693,88.142,0.661,2.015,0.496,0.941,102.475,111.149,50.78,1.82593035396775
"523","IMG_2116.jpg",6,6,"C",2,34498,1225.367,68.984,0.597,1.93,0.5335,0.8755,81.299,95.421,30.116,13.4280420701726
"524","IMG_2116.jpg",6,6,"D",1,29652,990.798,65.81,0.38,1.458,0.686,0.798,76.369,90.929,30.085,11.5417793340123
"525","IMG_2116.jpg",6,6,"E",2,8023,665.796,92.244,0.4365,2.504,0.4755,0.8485,109.27,115.08,52.4175,3.12288195051871
"526","IMG_2116.jpg",6,6,"F",3,26759,1192.639,78.9463333333333,0.693333333333333,1.69266666666667,0.598,0.929333333333333,95.7846666666667,105.123666666667,35.9286666666667,10.4157046134775
"527","IMG_2116.jpg",6,6,"G",1,7788,395.789,70.155,0.625,1.455,0.687,0.89,85.359,95.105,30.125,3.03141027429137
"528","IMG_2116.jpg",6,6,"H",3,40377,1528.671,59.3983333333333,0.642,2.03466666666667,0.551666666666667,0.902,71.8536666666667,83.1573333333333,23.096,15.7163909405576
"529","IMG_2116.jpg",6,7,"A",1,17520,643.754,81.898,0.531,2.078,0.481,0.876,95.845,108.017,41.781,6.81950539362929
"530","IMG_2116.jpg",6,7,"B",3,32505,1346.219,87.6043333333333,0.670333333333333,1.65866666666667,0.604333333333333,0.924333333333333,103.959,114.504,44.5023333333333,12.6522844075297
"531","IMG_2116.jpg",6,7,"C",1,10508,482.759,89.78,0.567,2.064,0.485,0.885,106.111,114.546,48.807,4.09014627147583
"532","IMG_2116.jpg",6,7,"D",4,42932,1846.778,71.31875,0.633,2.2795,0.47825,0.9205,84.35075,97.01475,32.51375,16.7109021437952
"533","IMG_2116.jpg",6,7,"E",2,10125,693.536,79.4275,0.5155,2.621,0.386,0.9205,93.0645,101.788,43.5515,3.94106690128405
"534","IMG_2116.jpg",6,7,"F",1,16557,605.495,69.056,0.568,1.602,0.624,0.845,82.3,93.299,31.514,6.44466614168494
"535","IMG_2116.jpg",6,7,"G",0,0,0,NA,NA,NA,NA,NA,NA,NA,NA,0
"536","IMG_2116.jpg",6,7,"H",2,18721,972.33,62.439,0.5895,1.7595,0.6235,0.8545,77.6,83.724,25.9915,7.28698404532727
"537","IMG_2116.jpg",6,8,"A",1,23667,968.597,79.414,0.317,1.714,0.583,0.736,93.496,104.97,39.67,9.21217089903107
"538","IMG_2116.jpg",6,8,"B",1,13391,535.914,73.174,0.586,1.33,0.752,0.862,87.914,99.295,32.413,5.21232858025626
"539","IMG_2116.jpg",6,8,"C",2,8066,550.7,74.463,0.623,2.069,0.5665,0.9345,88.0455,96.2165,39.076,3.13961932106243
"540","IMG_2116.jpg",6,8,"D",0,0,0,NA,NA,NA,NA,NA,NA,NA,NA,0
"541","IMG_2116.jpg",6,8,"E",1,4662,432.801,79.614,0.313,2.661,0.376,0.763,92.532,97.818,48.443,1.81464235988012
"542","IMG_2116.jpg",6,8,"F",0,0,0,NA,NA,NA,NA,NA,NA,NA,NA,0
"543","IMG_2116.jpg",6,8,"G",1,3980,392.215,86.581,0.325,1.485,0.673,0.846,101.541,105.173,52.965,1.54917987823314
"544","IMG_2116.jpg",6,8,"H",1,4242,288.534,73.011,0.64,1.971,0.507,0.927,85.873,91.588,41.577,1.65116106619723
